,URL_ID,URL,POSITIVE SCORE,NEGATIVE SCORE,POLARITY SCORE,SUBJECTIVITY SCORE,AVG SENTENCE LENGTH,PERCENTAGE OF COMPLEX WORDS,FOG INDEX,AVG NUMBER OF WORDS PER SENTENCE,COMPLEX WORD COUNT,WORD COUNT,SYLLABLE PER WORD,PERSONAL PRONOUNS,AVG WORD LENGTH
0,1,https://insights.blackcoffer.com/how-is-login-logout-time-tracking-for-employees-in-office-done-by-ai/,0.113,0.051,0.37804647532637,0.00039140811362432435,27,0.0,10.711111111111112,6,0,723,4375,16,6
1,2,https://insights.blackcoffer.com/how-does-ai-help-to-monitor-retail-shelf-watches/,0.21,0.048,0.6279045430056472,0.0006753926683890245,23,0.0,9.114285714285714,6,0,638,4045,12,6
2,3,https://insights.blackcoffer.com/ai-and-its-impact-on-the-fashion-industry/,0.203,0.037,0.6916637847342303,0.00022284122541983172,24,0.0,9.557894736842107,6,0,1816,11415,53,6
3,4,https://insights.blackcoffer.com/how-do-deep-learning-models-predict-old-and-new-drugs-that-are-successfully-treated-in-healthcare/,0.167,0.0,0.9999940120119041,0.0006498054449423914,32,0.0,12.657142857142858,6,0,443,2808,2,6
4,5,https://insights.blackcoffer.com/how-artificial-intelligence-can-boost-your-productivity-level/,0.205,0.045,0.63999744001024,0.0006172839490931261,23,0.0,9.277419354838711,6,0,719,4395,28,6
5,6,https://insights.blackcoffer.com/how-are-genetic-sequencing-maps-affected-by-deep-learning-and-ai/,0.165,0.031,0.6836699812756057,0.00027920227880455517,22,0.0,8.676923076923078,6,0,1128,7289,28,6
6,7,https://insights.blackcoffer.com/how-is-ai-used-to-solve-traffic-management/,0.206,0.066,0.51470399005886,0.0003066516343780703,22,0.0,8.9,7,0,1335,8847,46,7
7,8,https://insights.blackcoffer.com/benefits-of-big-data-in-different-fields/,0.209,0.041,0.671997312010752,0.0003156565652580094,20,0.0,7.854545454545455,6,0,1296,8362,14,6
8,9,https://insights.blackcoffer.com/how-big-data-will-impact-the-future-of-business/,0.26,0.025,0.8245585103210165,0.0003479853475604575,19,0.0,7.509859154929578,6,0,1333,8409,12,6
9,10,https://insights.blackcoffer.com/how-will-ai-make-decisions-in-tomorrows-wars/,0.201,0.23,-0.06728522671641132,0.0012676470550951559,15,0.0,6.0600000000000005,6,0,606,3599,28,6
10,11,https://insights.blackcoffer.com/which-one-is-better-ai-or-big-data/,0.232,0.016,0.8709642299829438,0.0006375321320371925,19,0.0,7.611764705882354,6,0,647,4031,17,6
11,12,https://insights.blackcoffer.com/how-robots-can-help-in-e-learning-platforms/,0.215,0.058,0.5750894685367453,0.00038833570357277997,21,0.0,8.34920634920635,6,0,1315,7787,26,6
12,13,https://insights.blackcoffer.com/how-does-big-data-help-in-finance-and-the-growth-of-large-firms/,0.202,0.025,0.7797322478755601,0.0008798449578300584,17,0.0,6.784000000000001,6,0,424,2644,3,6
13,14,https://insights.blackcoffer.com/future-of-work-robot-ai-and-automation/,0.229,0.043,0.6838210153639142,0.0008499999973437501,24,0.0,9.791304347826088,6,0,563,3577,7,6
14,15,https://insights.blackcoffer.com/how-ai-will-help-the-defense-power-of-a-country/,0.182,0.178,0.011111080246999324,0.0004621309365056085,15,0.0,6.197802197802198,6,0,1410,8523,20,6
15,16,https://insights.blackcoffer.com/future-of-ai-and-machine-roles-in-the-medical-sector/,0.195,0.027,0.7567533479578921,0.0004448897786675556,28,0.0,11.023529411764706,6,0,937,5524,18,6
16,17,https://insights.blackcoffer.com/ai-in-healthcare-to-improve-patient-outcomes/,0.179,0.059,0.5041995621867135,0.00020446735377623076,24,0.0,9.521052631578948,7,0,1809,12102,40,7
17,18,https://insights.blackcoffer.com/what-if-the-creation-is-taking-over-the-creator/,0.228,0.104,0.3734928509251479,0.000433986927537272,21,0.0,8.342028985507246,6,0,1439,8454,35,6
18,19,https://insights.blackcoffer.com/what-jobs-will-robots-take-from-humans-in-the-future/,0.163,0.083,0.325201930073455,0.00024773413872332915,20,0.0,8.12857142857143,6,0,1707,11050,29,6
19,20,https://insights.blackcoffer.com/will-machine-replace-the-human-in-the-future-of-work/,0.241,0.073,0.5350301432161044,0.00035926773414271426,19,0.0,7.7804878048780495,6,0,1595,9446,61,6
20,21,https://insights.blackcoffer.com/will-ai-replace-us-or-work-with-us/,0.227,0.063,0.5655152913265816,0.0003059071726730937,21,0.0,8.51,6,0,1702,10564,33,6
21,22,https://insights.blackcoffer.com/man-and-machines-together-machines-are-more-diligent-than-humans-blackcoffe/,0.265,0.061,0.6257649516412527,0.0004894894887545203,23,0.0,9.303703703703704,6,0,1256,7600,15,6
22,23,https://insights.blackcoffer.com/in-future-or-in-upcoming-years-humans-and-machines-are-going-to-work-together-in-every-field-of-work/,0.17,0.04,0.6190446712158513,0.0005147058810914073,16,0.0,6.551111111111111,6,0,737,4587,11,6
23,24,https://insights.blackcoffer.com/how-neural-networks-can-be-applied-in-various-areas-in-the-future/,0.19,0.071,0.45593695043314014,0.00031598062915740846,23,0.0,9.28,6,0,1508,9170,10,6
24,25,https://insights.blackcoffer.com/how-machine-learning-will-affect-your-business/,0.248,0.065,0.5846626688093649,0.0008067010288487087,21,0.0,8.217142857142859,6,0,719,4187,10,6
25,26,https://insights.blackcoffer.com/deep-learning-impact-on-areas-of-e-learning/,0.222,0.063,0.5578927793235813,0.00023495465767934488,26,0.0,10.324705882352943,6,0,2194,13038,86,6
26,27,https://insights.blackcoffer.com/how-to-protect-future-data-and-its-privacy-blackcoffer/,0.156,0.132,0.08333304398248614,0.00026641998125215543,19,0.0,7.6767676767676765,6,0,1900,11677,27,6
27,28,https://insights.blackcoffer.com/how-machines-ai-automations-and-robo-human-are-effective-in-finance-and-banking/,0.204,0.066,0.5111092181140069,0.00038848920807411626,22,0.0,8.837037037037037,6,0,1193,7728,14,6
28,29,https://insights.blackcoffer.com/ai-human-robotics-machine-future-planet-blackcoffer-thinking-jobs-workplace/,0.216,0.065,0.5373646357130402,0.0003807588070721426,17,0.0,6.772222222222223,6,0,1219,7492,36,6
29,30,https://insights.blackcoffer.com/how-ai-will-change-the-world-blackcoffer/,0.22,0.052,0.6176447880706322,0.00032458233851481824,23,0.0,9.008000000000001,6,0,1689,9745,39,6
30,31,https://insights.blackcoffer.com/future-of-work-how-ai-has-entered-the-workplace/,0.246,0.043,0.7024197148106756,0.0003314220179685527,19,0.0,7.75,6,0,1550,9624,49,6
31,32,https://insights.blackcoffer.com/ai-tool-alexa-google-assistant-finance-banking-tool-future/,0.207,0.009,0.9166624228591533,0.0006813880104688076,25,0.0,9.847619047619048,6,0,517,3325,10,6
32,33,https://insights.blackcoffer.com/ai-healthcare-revolution-ml-technology-algorithm-google-analytics-industrialrevolution/,0.251,0.073,0.5493810204289493,0.00034989200826145573,261,0.0,104.34285714285714,6,0,1826,10502,32,6
33,34,https://insights.blackcoffer.com/all-you-need-to-know-about-online-marketing/,0.246,0.008,0.9370041850228936,0.0005934579425386497,17,0.0,6.9,6,0,759,4688,8,6
34,35,https://insights.blackcoffer.com/evolution-of-advertising-industry/,0.192,0.019,0.8199013274818604,0.00050721153724228,18,0.0,7.08,7,0,708,4652,3,7
35,36,https://insights.blackcoffer.com/how-data-analytics-can-help-your-business-respond-to-the-impact-of-covid-19/,0.148,0.071,0.3515965680522007,0.0019729729551984415,31,0.0,12.333333333333334,6,0,185,1179,3,6
36,37,https://insights.blackcoffer.com/covid-19-environmental-impact-for-the-future/,0.275,0.117,0.4030601962750096,0.000662162161043645,23,0.0,9.146666666666667,6,0,1029,6415,27,6
37,38,https://insights.blackcoffer.com/environmental-impact-of-the-covid-19-pandemic-lesson-for-the-future/,0.149,0.165,-0.05095525173486713,0.00039746835392725523,24,0.0,9.698245614035088,6,0,1382,8568,9,6
38,39,https://insights.blackcoffer.com/how-data-analytics-and-ai-are-used-to-halt-the-covid-19-pandemic/,0.128,0.043,0.49707311653148234,0.0004100719414626572,23,0.0,9.380645161290323,6,0,727,4405,22,6
39,40,https://insights.blackcoffer.com/difference-between-artificial-intelligence-machine-learning-statistics-and-data-mining/,0.259,0.084,0.510202594161533,0.00034681496426004554,21,0.0,8.515555555555556,6,0,1916,11378,31,6
40,41,https://insights.blackcoffer.com/how-python-became-the-first-choice-for-data-science/,0.281,0.006,0.9581848146870569,0.0007572559346774251,15,0.0,5.981818181818182,6,0,658,4099,10,6
41,42,https://insights.blackcoffer.com/how-google-fit-measure-heart-and-respiratory-rates-using-a-phone/,0.175,0.0,0.9999942857469386,0.0007383966213569763,24,0.0,9.700000000000001,6,0,388,2298,2,6
42,43,https://insights.blackcoffer.com/what-is-the-future-of-mobile-apps/,0.191,0.029,0.7363602892714124,0.0004845814967299967,24,0.0,9.623529411764707,6,0,818,4796,13,6
43,44,https://insights.blackcoffer.com/impact-of-ai-in-health-and-medicine/,0.183,0.035,0.6788959683671175,0.0007517241353388823,24,0.0,9.66,6,0,483,3026,12,6
44,45,https://insights.blackcoffer.com/telemedicine-what-patients-like-and-dislike-about-it/,0.342,0.045,0.7674398774163376,0.00198461537443787,14,0.0,5.733333333333334,6,0,387,2405,5,6
45,46,https://insights.blackcoffer.com/how-we-forecast-future-technologies/,0.155,0.0,0.9999935484287198,0.0017032966845791574,17,0.0,6.977777777777778,7,0,157,1024,2,7
46,47,https://insights.blackcoffer.com/can-robots-tackle-late-life-loneliness/,0.22,0.208,0.028037317669818557,0.0010413625278798966,15,0.0,6.185185185185186,6,0,835,4736,7,6
47,48,https://insights.blackcoffer.com/embedding-care-robots-into-society-socio-technical-considerations/,0.405,0.033,0.8493131294220789,0.00413207543271627,21,0.0,8.266666666666667,6,0,186,1091,2,6
48,49,https://insights.blackcoffer.com/management-challenges-for-future-digitalization-of-healthcare-services/,0.264,0.048,0.6923054733798931,0.0007375886507385611,18,0.0,7.046153846153847,7,0,687,4576,7,7
49,50,https://insights.blackcoffer.com/are-we-any-closer-to-preventing-a-nuclear-holocaust/,0.182,0.312,-0.2631573620296315,0.006333333252136753,23,0.0,9.085714285714287,6,0,159,882,1,6
50,51,https://insights.blackcoffer.com/will-technology-eliminate-the-need-for-animal-testing-in-drug-development/,0.156,0.2,-0.12359515844056622,0.001913978484333449,20,0.0,8.16842105263158,6,0,388,2197,4,6
51,52,https://insights.blackcoffer.com/will-we-ever-understand-the-nature-of-consciousness/,0.111,0.084,0.13846082840600815,0.00019877675820715928,24,0.0,9.561643835616438,6,0,1745,11155,14,6
52,53,https://insights.blackcoffer.com/will-we-ever-colonize-outer-space/,0.22,0.052,0.6176447880706322,0.00030323299854712044,25,0.0,10.0,6,0,1750,10159,9,6
53,54,https://insights.blackcoffer.com/what-is-the-chance-homo-sapiens-will-survive-for-the-next-500-years/,0.171,0.073,0.40163769820615497,0.0003008631315649037,21,0.0,8.564705882352941,6,0,1456,8722,13,6
54,55,https://insights.blackcoffer.com/why-does-your-business-need-a-chatbot/,0.284,0.032,0.7974658308043331,0.0007821782158856974,13,0.0,5.290909090909091,6,0,873,4866,8,6
55,56,https://insights.blackcoffer.com/how-you-lead-a-project-or-a-team-without-any-technical-expertise/,0.201,0.022,0.802686983466442,0.0003358433729881877,25,0.0,10.133333333333333,6,0,1444,8018,12,6
56,57,https://insights.blackcoffer.com/can-you-be-great-leader-without-technical-expertise/,0.356,0.049,0.7580228196967416,0.0017608695575614367,30,0.0,11.875,6,0,475,2709,1,6
57,58,https://insights.blackcoffer.com/how-does-artificial-intelligence-affect-the-environment/,0.21,0.034,0.7213085192273802,0.0002565720291729001,24,0.0,9.64776119402985,6,0,1616,9961,54,6
58,59,https://insights.blackcoffer.com/how-to-overcome-your-fear-of-making-mistakes-2/,0.258,0.261,-0.005780335683360923,0.001027722770242133,15,0.0,5.901449275362319,6,0,1018,5834,14,6
59,60,https://insights.blackcoffer.com/is-perfection-the-greatest-enemy-of-productivity/,0.284,0.071,0.5999983098639159,0.00061206896446195,16,0.0,6.316666666666666,6,0,1137,6350,8,6
60,61,https://insights.blackcoffer.com/global-financial-crisis-2008-causes-effects-and-its-solution/,0.226,0.155,0.18635121692593987,0.0006557659196974769,22,0.0,8.817391304347828,6,0,1014,6032,26,6
61,62,https://insights.blackcoffer.com/gender-diversity-and-equality-in-the-tech-industry/,0.181,0.081,0.38167793252697507,0.0004171974515649722,16,0.0,6.525373134328358,6,0,1093,6905,14,6
62,63,https://insights.blackcoffer.com/how-to-overcome-your-fear-of-making-mistakes/,0.255,0.271,-0.030418193121305878,0.0010115384595931953,16,0.0,6.418461538461539,6,0,1043,6002,14,6
63,64,https://insights.blackcoffer.com/how-small-business-can-survive-the-coronavirus-crisis/,0.224,0.111,0.33731242593305694,0.0009305555529706791,20,0.0,8.121212121212123,6,0,670,4006,5,6
64,65,https://insights.blackcoffer.com/impacts-of-covid-19-on-vegetable-vendors-and-food-stalls/,0.193,0.112,0.2655728997609844,0.0019182389816462958,29,0.0,11.72,6,0,293,1770,6,6
65,66,https://insights.blackcoffer.com/impacts-of-covid-19-on-vegetable-vendors/,0.198,0.11,0.2857133580735128,0.000699999998409091,32,0.0,12.886956521739132,6,0,741,4707,13,6
66,67,https://insights.blackcoffer.com/impact-of-covid-19-pandemic-on-tourism-aviation-industries/,0.106,0.129,-0.09787192394925982,0.00033812949591636044,21,0.0,8.526315789473683,6,0,1215,7537,11,6
67,68,https://insights.blackcoffer.com/impact-of-covid-19-pandemic-on-sports-events-around-the-world/,0.157,0.111,0.17164115059272167,0.00012749762125237982,13,0.0,5.20483870967742,6,0,3227,20796,67,6
68,69,https://insights.blackcoffer.com/changing-landscape-and-emerging-trends-in-the-indian-it-ites-industry/,0.192,0.064,0.49999804688262944,0.00027176220777944566,21,0.0,8.419277108433736,6,0,1747,10575,28,6
69,70,https://insights.blackcoffer.com/online-gaming-adolescent-online-gaming-effects-demotivated-depression-musculoskeletal-and-psychosomatic-symptoms/,0.158,0.132,0.0896548632590922,0.0003141928490637131,24,0.0,9.516129032258064,7,0,1475,9784,23,7
70,71,https://insights.blackcoffer.com/human-rights-outlook/,0.2,0.0,0.9999950000249999,0.002666666631111112,24,0.0,9.733333333333334,6,0,146,818,2,6
71,72,https://insights.blackcoffer.com/how-voice-search-makes-your-business-a-successful-business/,0.264,0.012,0.913040170144311,0.0005884861394701788,23,0.0,9.254054054054055,6,0,856,5140,8,6
72,73,https://insights.blackcoffer.com/how-the-covid-19-crisis-is-redefining-jobs-and-services/,0.163,0.073,0.38135431629527,0.00025240641684234606,16,0.0,6.283760683760684,6,0,1838,10930,19,6
73,74,https://insights.blackcoffer.com/how-to-increase-social-media-engagement-for-marketers/,0.238,0.034,0.7499972426571961,0.00028511530368436553,20,0.0,7.976470588235294,6,0,1695,10224,21,6
74,75,https://insights.blackcoffer.com/impacts-of-covid-19-on-streets-sides-food-stalls/,0.17,0.098,0.26865571397121657,0.0004371941265298628,23,0.0,9.243478260869566,6,0,1063,6478,17,6
75,76,https://insights.blackcoffer.com/coronavirus-impact-on-energy-markets-2/,0.108,0.112,-0.018181735537565753,0.00021803766083445226,23,0.0,9.232876712328768,7,0,1685,10975,42,7
76,77,https://insights.blackcoffer.com/coronavirus-impact-on-the-hospitality-industry-5/,0.176,0.169,0.020289796261460054,0.0006295620426467845,20,0.0,7.925000000000001,6,0,951,5880,13,6
77,78,https://insights.blackcoffer.com/lessons-from-the-past-some-key-learnings-relevant-to-the-coronavirus-crisis-4/,0.192,0.166,0.07262549545950989,0.0005637795266712133,17,0.0,6.861971830985915,6,0,1218,7173,12,6
78,79,https://insights.blackcoffer.com/estimating-the-impact-of-covid-19-on-the-world-of-work-2/,0.183,0.081,0.3863621728705573,0.0004392678861243463,31,0.0,12.233333333333334,6,0,1101,6635,15,6
79,80,https://insights.blackcoffer.com/estimating-the-impact-of-covid-19-on-the-world-of-work-3/,0.15,0.135,0.052631394275809505,0.0003840970345227803,19,0.0,7.685245901639345,6,0,1172,7571,48,6
80,81,https://insights.blackcoffer.com/travel-and-tourism-outlook/,0.182,0.034,0.6851820130462358,0.0022499999765625005,23,0.0,9.3,6,0,186,1050,1,6
81,82,https://insights.blackcoffer.com/gaming-disorder-and-effects-of-gaming-on-health/,0.157,0.164,-0.02180678564864286,0.0005211038952579483,19,0.0,7.5793103448275865,6,0,1099,6507,12,6
82,83,https://insights.blackcoffer.com/what-is-the-repercussion-of-the-environment-due-to-the-covid-19-pandemic-situation/,0.142,0.159,-0.05647821768033999,0.000829201099644074,18,0.0,7.345454545454546,6,0,606,3896,15,6
83,84,https://insights.blackcoffer.com/what-is-the-repercussion-of-the-environment-due-to-the-covid-19-pandemic-situation-2/,0.126,0.185,-0.1897100009324729,0.00046766917222906894,22,0.0,8.870588235294118,6,0,1131,7119,13,6
84,85,https://insights.blackcoffer.com/impact-of-covid-19-pandemic-on-office-space-and-co-working-industries/,0.158,0.155,0.00958463391490763,0.0005928030291802973,28,0.0,11.18974358974359,6,0,1091,6266,10,6
85,86,https://insights.blackcoffer.com/contribution-of-handicrafts-visual-arts-literature-in-the-indian-economy/,0.079,0.0,0.9999873419323806,0.000797979789919396,37,0.0,14.8,7,0,148,963,7,7
86,87,https://insights.blackcoffer.com/how-covid-19-is-impacting-payment-preferences/,0.24,0.049,0.6608973671371381,0.000929260447172796,19,0.0,7.406896551724138,6,0,537,3181,19,6
87,88,https://insights.blackcoffer.com/how-will-covid-19-affect-the-world-of-work-2/,0.144,0.207,-0.17948666812915065,0.0006815533967348478,29,0.0,11.65,6,0,932,5838,12,6
88,89,https://insights.blackcoffer.com/lessons-from-the-past-some-key-learnings-relevant-to-the-coronavirus-crisis/,0.232,0.144,0.234041930739546,0.0011124260322117573,24,0.0,9.706666666666667,5,0,728,3856,12,5
89,90,https://insights.blackcoffer.com/covid-19-how-have-countries-been-responding/,0.138,0.162,-0.0799997333342222,0.0004792332260715125,21,0.0,8.440816326530614,6,0,1034,6567,25,6
90,91,https://insights.blackcoffer.com/coronavirus-impact-on-the-hospitality-industry-2/,0.116,0.176,-0.2054787483604508,0.0005095986029500897,20,0.0,8.125490196078431,6,0,1036,6581,15,6
91,92,https://insights.blackcoffer.com/how-will-covid-19-affect-the-world-of-work-3/,0.186,0.143,0.1306986908854381,0.0005358306180198197,21,0.0,8.352,6,0,1044,6558,20,6
92,93,https://insights.blackcoffer.com/coronavirus-impact-on-the-hospitality-industry-3/,0.176,0.114,0.21379236623321987,0.0006373626359618403,24,0.0,9.494117647058824,6,0,807,4891,16,6
93,94,https://insights.blackcoffer.com/estimating-the-impact-of-covid-19-on-the-world-of-work/,0.206,0.148,0.1638413450809461,0.00041403508723504665,21,0.0,8.58082191780822,6,0,1566,9271,30,6
94,95,https://insights.blackcoffer.com/covid-19-how-have-countries-been-responding-2/,0.151,0.108,0.16602252500955594,0.00029633867242981847,20,0.0,8.19718309859155,6,0,1455,9327,39,6
95,96,https://insights.blackcoffer.com/how-will-covid-19-affect-the-world-of-work-4/,0.134,0.147,-0.046263180558076246,0.0006175824162250937,36,0.0,14.583333333333336,5,0,875,4667,16,5
96,97,https://insights.blackcoffer.com/lessons-from-the-past-some-key-learnings-relevant-to-the-coronavirus-crisis-2/,0.157,0.167,-0.030864102271289315,0.00031795878280867635,26,0.0,10.241176470588236,6,0,1741,10971,14,6
97,98,https://insights.blackcoffer.com/lessons-from-the-past-some-key-learnings-relevant-to-the-coronavirus-crisis-3/,0.227,0.138,0.24383494839740166,0.0005812101901573086,16,0.0,6.58421052631579,6,0,1251,7026,20,6
98,99,https://insights.blackcoffer.com/coronavirus-impact-on-the-hospitality-industry-4/,0.162,0.151,0.03514365768799464,0.0015728643137041995,17,0.0,6.800000000000001,7,0,323,2196,11,7
99,100,https://insights.blackcoffer.com/why-scams-like-nirav-modi-happen-with-indian-banks/,0.12,0.171,-0.17525712970058527,0.0002201210285778207,23,0.0,9.031578947368422,6,0,2145,13574,75,6
100,101,https://insights.blackcoffer.com/impact-of-covid-19-on-the-global-economy/,0.243,0.143,0.2590666863557349,0.0005019505845228211,26,0.0,10.215873015873017,6,0,1609,8853,24,6
101,102,https://insights.blackcoffer.com/impact-of-covid-19coronavirus-on-the-indian-economy-2/,0.158,0.159,-0.0031545641811855513,0.000321501013872717,18,0.0,7.055670103092784,6,0,1711,10425,56,6
102,103,https://insights.blackcoffer.com/impact-of-covid-19-on-the-global-economy-2/,0.186,0.151,0.10385725858380244,0.0003256038644197063,23,0.0,9.371428571428572,6,0,1804,11139,36,6
103,104,https://insights.blackcoffer.com/impact-of-covid-19-coronavirus-on-the-indian-economy-3/,0.154,0.152,0.006535926353181859,0.0005503597112403603,18,0.0,7.237037037037037,6,0,977,6116,34,6
104,105,https://insights.blackcoffer.com/should-celebrities-be-allowed-to-join-politics/,0.174,0.05,0.5535689572814407,0.00022288557191752677,30,0.0,12.052459016393442,6,0,1838,11509,22,6
105,106,https://insights.blackcoffer.com/how-prepared-is-india-to-tackle-a-possible-covid-19-outbreak/,0.11,0.13,-0.08333298611255788,0.0005139186284498531,27,0.0,10.877419354838711,6,0,843,5207,25,6
106,107,https://insights.blackcoffer.com/how-will-covid-19-affect-the-world-of-work/,0.129,0.224,-0.26912105064858177,0.00046754966825490106,22,0.0,8.846666666666668,6,0,1327,8318,28,6
107,108,https://insights.blackcoffer.com/controversy-as-a-marketing-strategy/,0.263,0.118,0.38057642893325744,0.002458064500270552,21,0.0,8.428571428571429,6,0,295,1787,3,6
108,109,https://insights.blackcoffer.com/coronavirus-impact-on-the-hospitality-industry/,0.084,0.047,0.2824405920565492,0.000471223019887687,20,0.0,7.800000000000001,6,0,468,3016,4,6
109,110,https://insights.blackcoffer.com/coronavirus-impact-on-energy-markets/,0.122,0.14,-0.06870202785485559,0.00023948811678291761,34,0.0,13.456000000000001,6,0,1682,10554,32,6
110,111,https://insights.blackcoffer.com/what-are-the-key-policies-that-will-mitigate-the-impacts-of-covid-19-on-the-world-of-work/,0.232,0.046,0.6690623415023687,0.00027281648648398775,24,0.0,9.701408450704227,6,0,1722,10760,13,6
111,112,https://insights.blackcoffer.com/marketing-drives-results-with-a-focus-on-problems/,0.144,0.086,0.25217281663992763,0.0002784503628590189,23,0.0,9.258064516129032,6,0,1435,8681,16,6
112,113,https://insights.blackcoffer.com/continued-demand-for-sustainability/,0.261,0.1,0.44598214409378373,0.0008514150923315682,26,0.0,10.353846153846154,7,0,673,4581,9,7
113,114,https://insights.blackcoffer.com/coronavirus-disease-covid-19-effect-the-impact-and-role-of-mass-media-during-the-pandemic/,0.163,0.144,0.0618890492213381,0.001534999992325,33,0.0,13.16,6,0,329,2122,5,6
114,115,https://insights.blackcoffer.com/should-people-wear-fabric-gloves-seeking-evidence-regarding-the-differential-transfer-of-covid-19-or-coronaviruses-generally-between-surfaces/,0.178,0.091,0.32341887204880276,0.0014540540461943025,23,0.0,9.226666666666667,6,0,346,1934,7,6
115,116,https://insights.blackcoffer.com/why-is-there-a-severe-immunological-and-inflammatory-explosion-in-those-affected-by-sarms-covid-19/,0.1,0.187,-0.3031348322828143,0.0014422110480290904,30,0.0,11.82857142857143,6,0,414,2403,4,6
116,117,https://insights.blackcoffer.com/what-do-you-think-is-the-lesson-or-lessons-to-be-learned-with-covid-19/,0.076,0.151,-0.3303950202862543,0.0017196969566689623,26,0.0,10.488888888888889,6,0,236,1429,0,6
117,118,https://insights.blackcoffer.com/coronavirus-the-unexpected-challenge-for-the-european-union/,0.103,0.182,-0.27719200985259707,0.0020070422393870264,18,0.0,7.040000000000001,6,0,264,1593,1,6
118,119,https://insights.blackcoffer.com/industrial-revolution-4-0-pros-and-cons/,0.138,0.0,0.999992753675698,0.0014081632509371099,11,0.0,4.228571428571429,7,0,148,1035,9,7
119,120,https://insights.blackcoffer.com/impact-of-covid-19-coronavirus-on-the-indian-economy/,0.133,0.2,-0.20120059699520423,0.0006224299053786358,19,0.0,7.550000000000001,6,0,906,5690,26,6
120,121,https://insights.blackcoffer.com/impact-of-covid-19-coronavirus-on-the-indian-economy-2/,0.144,0.174,-0.09433932597696236,0.0012569169910793792,29,0.0,11.625,6,0,465,2776,13,6
121,122,https://insights.blackcoffer.com/impact-of-covid-19coronavirus-on-the-indian-economy/,0.148,0.117,0.1169806906389032,0.000261599210008293,22,0.0,8.741463414634147,6,0,1792,11262,80,6
122,123,https://insights.blackcoffer.com/impact-of-covid-19-coronavirus-on-the-global-economy/,0.19,0.152,0.11111078622577131,0.000991304344952741,19,0.0,7.6875,6,0,615,3768,11,6
123,124,https://insights.blackcoffer.com/ensuring-growth-through-insurance-technology/,0.182,0.053,0.5489338343241092,0.0003730158724237843,20,0.0,7.962962962962964,6,0,1075,6932,30,6
124,125,https://insights.blackcoffer.com/blockchain-in-fintech/,0.167,0.038,0.6292652230964727,0.0005150753755902629,22,0.0,8.872727272727273,6,0,732,4544,3,6
125,126,https://insights.blackcoffer.com/blockchain-for-payments/,0.178,0.079,0.38521250890074354,0.00046223021499598884,17,0.0,6.966037735849056,6,0,923,5783,13,6
126,127,https://insights.blackcoffer.com/the-future-of-investing/,0.195,0.032,0.7180585107554592,0.00035413416481414327,21,0.0,8.301886792452832,6,0,1100,6912,14,6
127,128,https://insights.blackcoffer.com/big-data-analytics-in-healthcare/,0.147,0.145,0.0068492916120150345,0.0004424242417539026,16,0.0,6.327777777777778,6,0,1139,6986,16,6
128,129,https://insights.blackcoffer.com/business-analytics-in-the-healthcare-industry/,0.31,0.027,0.8397601194061738,0.001027439021257808,23,0.0,9.056000000000001,7,0,566,3781,4,7
129,130,https://insights.blackcoffer.com/challenges-and-opportunities-of-big-data-in-healthcare/,0.261,0.112,0.3994627360248365,0.0006300675665032642,16,0.0,6.5,6,0,1040,6355,7,6
130,131,https://insights.blackcoffer.com/obstacles-to-data-driven-healthcare/,0.152,0.091,0.251027773548257,0.0004016528918980944,28,0.0,11.255555555555556,6,0,1013,6179,12,6
131,132,https://insights.blackcoffer.com/monetization-of-data-innovate-to-harvest-the-full-value-of-data/,0.25,0.012,0.9083934794142007,0.0005424430630591241,19,0.0,7.6761904761904765,6,0,806,5169,7,6
132,133,https://insights.blackcoffer.com/traceability-of-information-master-your-data-capital/,0.132,0.04,0.5348806111592374,0.0003038869252581503,20,0.0,7.897872340425533,7,0,928,6185,7,7
133,134,https://insights.blackcoffer.com/bank-risk-management-india/,0.214,0.129,0.24781268859274463,0.0007221052616376731,17,0.0,6.927659574468085,6,0,814,4852,54,6
134,135,https://insights.blackcoffer.com/advance-analytics-for-refocusing-profits/,0.27,0.049,0.6927877969034582,0.000412677877861995,18,0.0,7.0647887323943666,7,0,1254,8325,7,7
135,136,https://insights.blackcoffer.com/role-of-big-data-analytics-banking-and-finance/,0.212,0.094,0.3856196548377293,0.0006442105249595568,18,0.0,7.352380952380952,6,0,772,4824,18,6
136,137,https://insights.blackcoffer.com/mitigating-bank-risk-management/,0.183,0.229,-0.11165021444122711,0.0018149779655727844,22,0.0,8.6,6,0,387,2362,4,6
137,138,https://insights.blackcoffer.com/future-of-bank-risk-management/,0.224,0.214,0.02283099810274408,0.0010045871536592038,23,0.0,9.062857142857144,6,0,793,4753,7,6
138,139,https://insights.blackcoffer.com/advanced-analytics-redefining-banking/,0.194,0.032,0.7168109875620019,0.00024889867813997945,29,0.0,11.60727272727273,6,0,1596,9937,10,6
139,140,https://insights.blackcoffer.com/marketing-analytics-needs/,0.234,0.011,0.9102003665291162,0.0003028430156948789,23,0.0,9.1,6,0,1456,9228,10,6
140,141,https://insights.blackcoffer.com/big-data-analytics-to-bring-transparency-and-good-governance/,0.248,0.052,0.6533311555628148,0.0006060606048362412,25,0.0,9.83529411764706,6,0,836,5366,2,6
141,142,https://insights.blackcoffer.com/how-political-leaders-will-shape-tomorrow-using-big-data-analytics/,0.229,0.048,0.6534272439449677,0.00039402560399142875,33,0.0,13.13684210526316,6,0,1248,7722,9,6
142,143,https://insights.blackcoffer.com/big-data-and-analytics-to-help-form-political-leaders-win-election/,0.212,0.053,0.5999977358576005,0.00046819787903145256,18,0.0,7.3886792452830194,6,0,979,6107,6,6
143,144,https://insights.blackcoffer.com/the-emergence-of-data-analytics/,0.226,0.034,0.738458698235776,0.0007471264346346942,18,0.0,7.096774193548388,6,0,550,3492,8,6
144,145,https://insights.blackcoffer.com/how-artificial-intelligence-can-deliver-real-value-to-companies-2/,0.241,0.037,0.7338103100348561,0.0003228803712858532,20,0.0,8.145945945945945,6,0,1507,9281,56,6
145,146,https://insights.blackcoffer.com/the-prospective-recipe-of-success-in-the-age-of-analytics/,0.211,0.036,0.7084991558738628,0.0003731117819137284,20,0.0,7.803076923076924,6,0,1268,7718,13,6
146,147,https://insights.blackcoffer.com/using-people-analytics-to-drive-business-performance/,0.215,0.039,0.6929106578320559,0.0007215909070409349,23,0.0,9.200000000000001,6,0,690,3988,5,6
147,148,https://insights.blackcoffer.com/how-artificial-intelligence-can-deliver-real-value-to-companies/,0.254,0.103,0.4229680028907483,0.0005211678824508498,20,0.0,7.96,6,0,1194,7322,48,6
148,149,https://insights.blackcoffer.com/big-data-analytics-through-iot-in-oil-and-gas-industry/,0.191,0.123,0.21655981987318515,0.000340195015882779,20,0.0,8.101333333333335,6,0,1519,9716,26,6
149,150,https://insights.blackcoffer.com/how-big-data-and-analytics-is-helping-marketing-leaders/,0.187,0.015,0.8514809332627065,0.00047754137002945304,19,0.0,7.66,6,0,766,4696,9,6
150,151,https://insights.blackcoffer.com/what-analytics-outsourcing-engagement-model-is-right-for-you/,0.339,0.042,0.7795255130563963,0.0014999999940944883,23,0.0,9.180952380952382,6,0,482,3001,14,6
151,152,https://insights.blackcoffer.com/big-data-analytics-solving-problems-banking-and-finance-industry/,0.19,0.072,0.45037996038183065,0.0004943396217087932,19,0.0,7.537254901960785,6,0,961,5891,8,6
152,153,https://insights.blackcoffer.com/analytics-healthcare-industry/,0.236,0.078,0.5031831108818124,0.000767726159492112,20,0.0,8.047058823529412,7,0,684,4501,3,7
153,154,https://insights.blackcoffer.com/business-analytics-textile-industry/,0.224,0.014,0.8823492338267486,0.0005096359732127709,34,0.0,13.552000000000001,6,0,847,5304,7,6
154,155,https://insights.blackcoffer.com/big-data-marketing-reality/,0.22,0.055,0.5999978181897521,0.0004867256628553528,23,0.0,9.227906976744185,6,0,992,6058,7,6
155,156,https://insights.blackcoffer.com/understanding-millennial-market/,0.178,0.118,0.2027020178985882,0.0008809523783304988,25,0.0,9.878260869565217,6,0,568,3603,2,6
156,157,https://insights.blackcoffer.com/analytics-helping-fashion-e-tailers-develop-markets-developing-countries/,0.205,0.018,0.8385612620571209,0.0005425790741056469,21,0.0,8.423529411764706,6,0,716,4440,4,6
157,158,https://insights.blackcoffer.com/big-data-analytics-change-healthcare-developing-countries/,0.281,0.017,0.885903067439371,0.0008119890986049345,28,0.0,11.01818181818182,6,0,606,3910,12,6
158,159,https://insights.blackcoffer.com/big-data-analytics-help-voters-know-political-leaders/,0.173,0.016,0.830683435537378,0.0004457547159298238,26,0.0,10.440000000000001,6,0,783,4588,2,6
159,160,https://insights.blackcoffer.com/digital-transformation-oil-gas/,0.201,0.081,0.4255304059205464,0.0007067669155218875,26,0.0,10.200000000000001,6,0,663,4305,7,6
160,161,https://insights.blackcoffer.com/data-analytics-reduce-cost-production/,0.293,0.024,0.8485777647389124,0.000689130433284499,34,0.0,13.652173913043478,6,0,785,4807,12,6
161,162,https://insights.blackcoffer.com/gaining-insights-internal-data-retail/,0.219,0.055,0.5985379615402864,0.0007365591378049486,24,0.0,9.783333333333333,7,0,587,3837,10,7
162,163,https://insights.blackcoffer.com/role-big-data-cyber-security/,0.257,0.087,0.49418460992845964,0.0007092783490530342,27,0.0,10.874074074074075,7,0,734,4993,2,7
163,164,https://insights.blackcoffer.com/role-big-data-healthcare/,0.243,0.118,0.34625942864424203,0.000539611359432569,22,0.0,8.76734693877551,7,0,1074,7202,10,7
164,165,https://insights.blackcoffer.com/data-driven-dashboards/,0.177,0.043,0.6090881405084524,0.00047722342629669535,22,0.0,8.642105263157895,6,0,821,5028,9,6
165,166,https://insights.blackcoffer.com/role-big-data-academia/,0.152,0.039,0.5916199391626221,0.00022874251469611674,23,0.0,9.103030303030303,6,0,1502,9304,8,6
166,167,https://insights.blackcoffer.com/sales-forecasting-in-retail/,0.17,0.07,0.4166649305627893,0.0005417607211246937,24,0.0,9.506666666666666,7,0,713,4783,15,7
167,168,https://insights.blackcoffer.com/detect-data-exfiltration-over-the-network/,0.149,0.146,0.010169457052687967,0.0004828150564929377,17,0.0,6.921428571428571,7,0,969,6323,20,7
168,169,https://insights.blackcoffer.com/data-exfiltration/,0.057,0.065,-0.06557323300628684,0.000450184500183821,18,0.0,7.2740740740740755,6,0,491,2861,10,6
169,170,https://insights.blackcoffer.com/impacts-of-covid-19-on-vegetable-vendors-and-food-stalls/,0.193,0.112,0.2655728997609844,0.0019182389816462958,29,0.0,11.72,6,0,293,1770,6,6
